GV_KEY,Year,Avg_Shadow_Links,Std_Shadow_Links,Min_Shadow_Links,Max_Shadow_Links,Num_Observations
10453,1997,1.0222222222222221,0.5834415484039857,0,2,45
6097,2003,0.8444444444444444,0.7056768367884819,0,2,45
11818,2007,0.7333333333333333,0.8366600265340755,0,3,45
7985,1999,0.5111111111111111,0.5486438744851719,0,2,45
14535,2018,0.2,0.4045199174779453,0,1,45
