GV_KEY,Year,Avg_Shadow_Links,Std_Shadow_Links,Min_Shadow_Links,Max_Shadow_Links,Num_Observations
6097,2003,1.0222222222222221,0.7226494462892933,0,3,45
10453,1997,1.0222222222222221,0.6211751651978576,0,2,45
11818,2007,0.8222222222222222,0.8336363085599708,0,3,45
7985,1999,0.4444444444444444,0.5860327153276884,0,2,45
14535,2018,0.17777777777777778,0.38664576746028073,0,1,45
