Mean_Personal_Weight,Org_Reward_Mean,Org_Reward_CI_Low,Org_Reward_CI_High,Personal_Reward_Mean,Personal_Reward_CI_Low,Personal_Reward_CI_High,Shadow_Links_Mean,Shadow_Links_CI_Low,Shadow_Links_CI_High,Shadow_Links_Total_Mean,Shadow_Links_Total_CI_Low,Shadow_Links_Total_CI_High
0.1,0.04388656358320893,0.02831974991503828,0.05945337725137958,0.094986864613927,0.07337254559967263,0.11660118362818137,1.0,0.6421545957632915,1.3578454042367085,25.0,16.053864894082288,33.94613510591771
0.2,0.04139199158207634,0.027058847866405063,0.05572513529774762,0.11386475978002437,0.09483679102039808,0.13289272853965067,1.12,0.8138382127044592,1.426161787295541,28.000000000000004,20.34595531761148,35.65404468238852
0.3,0.03857804822026487,0.024301853998348527,0.05285424244218122,0.12233980633668366,0.08819031628884808,0.15648929638451925,0.88,0.5955185301875241,1.164481469812476,22.0,14.887963254688103,29.112036745311897
0.4,0.031368297647919305,0.01871156634515473,0.04402502895068388,0.1170262932662705,0.09488670973868547,0.13916587679385553,0.76,0.49997661643613667,1.0200233835638635,19.0,12.499415410903417,25.500584589096587
0.5,0.027043701405259076,0.01685779575242104,0.03722960705809711,0.14925351529976885,0.1034182439651676,0.1950887866343701,0.6,0.37367869447766666,0.8263213055223333,15.0,9.341967361941666,20.658032638058334
0.6,0.01796960761760043,0.011129409567920107,0.024809805667280756,0.20045672358820213,0.1540412644272234,0.24687218274918085,0.48,0.28011843506716283,0.6798815649328371,12.0,7.0029608766790705,16.997039123320928
0.7,0.013711138255196516,0.007387258849726436,0.020035017660666597,0.11782766726055165,0.09096659271198534,0.14468874180911795,0.4,0.20400000000000001,0.5960000000000001,10.0,5.1000000000000005,14.900000000000002
0.8,0.008801098539765594,0.0044906340748667,0.013111563004664487,0.1785100508595321,0.12673977621418062,0.23028032550488356,0.32,0.13337067040074685,0.5066293295992532,8.0,3.334266760018671,12.66573323998133
0.9,0.0034393904764407645,0.0019910323553926023,0.004887748597488927,0.16125127746127618,0.11941208254751165,0.20309047237504071,0.4,0.20400000000000001,0.5960000000000001,10.0,5.1000000000000005,14.900000000000002
